Fund Name,P1,P2,P3,P4,P5,Topsis Score,Rank
M1,0.95,0.9,6.6,53.2,15.41,0.4652938758607084,5
M2,0.82,0.67,3.6,67.5,18.15,0.7660632628837433,2
M3,0.62,0.38,5.6,66.3,18.23,0.39921643629706327,6
M4,0.74,0.55,3.9,70.0,18.8,0.6612205758880136,4
M5,0.69,0.48,6.9,68.2,19.07,0.34403514466493984,7
M6,0.73,0.53,3.2,65.4,17.47,0.6830793068760185,3
M7,0.66,0.44,6.6,31.6,9.83,0.0843710966451463,8
M8,0.9,0.81,3.5,54.9,15.03,0.8000396145904558,1
